{
  "timestamp": "2025-09-25 19:01:34",
  "llm_type": "MockLLM",
  "experiments": {
    "weight_sensitivity": [
      {
        "llm_weight": 0.99,
        "ngram_weight": 0.010000000000000009,
        "predictions": {
          "The capital of": [
            [
              "the",
              0.21521987207834928
            ],
            [
              "of",
              0.14348074164356672
            ],
            [
              "and",
              0.11478260869565216
            ]
          ],
          "Machine learning": [
            [
              "the",
              0.2152270906253953
            ],
            [
              "of",
              0.14348796019061275
            ],
            [
              "and",
              0.11478260869565216
            ]
          ],
          "Deep learning": [
            [
              "the",
              0.2152270906253953
            ],
            [
              "of",
              0.14348796019061275
            ],
            [
              "and",
              0.11478260869565216
            ]
          ]
        }
      },
      {
        "llm_weight": 0.95,
        "ngram_weight": 0.050000000000000044,
        "predictions": {
          "The capital of": [
            [
              "the",
              0.20653414300044218
            ],
            [
              "of",
              0.1376935632902973
            ],
            [
              "and",
              0.11014492753623187
            ]
          ],
          "Machine learning": [
            [
              "the",
              0.20657023573567238
            ],
            [
              "of",
              0.1377296560255275
            ],
            [
              "and",
              0.11014492753623187
            ]
          ],
          "Deep learning": [
            [
              "the",
              0.20657023573567238
            ],
            [
              "of",
              0.1377296560255275
            ],
            [
              "and",
              0.11014492753623187
            ]
          ]
        }
      },
      {
        "llm_weight": 0.9,
        "ngram_weight": 0.09999999999999998,
        "predictions": {
          "The capital of": [
            [
              "the",
              0.19567698165305836
            ],
            [
              "of",
              0.13045959034871055
            ],
            [
              "and",
              0.10434782608695652
            ]
          ],
          "Machine learning": [
            [
              "the",
              0.19574916712351872
            ],
            [
              "of",
              0.13053177581917091
            ],
            [
              "and",
              0.10434782608695652
            ]
          ],
          "Deep learning": [
            [
              "the",
              0.19574916712351872
            ],
            [
              "of",
              0.13053177581917091
            ],
            [
              "and",
              0.10434782608695652
            ]
          ]
        }
      },
      {
        "llm_weight": 0.8,
        "ngram_weight": 0.19999999999999996,
        "predictions": {
          "The capital of": [
            [
              "the",
              0.17396265895829063
            ],
            [
              "of",
              0.11599164446553703
            ],
            [
              "and",
              0.0927536231884058
            ]
          ],
          "Machine learning": [
            [
              "models",
              0.19418040737148395
            ],
            [
              "the",
              0.1741070298992114
            ],
            [
              "of",
              0.1161360154064578
            ]
          ],
          "Deep learning": [
            [
              "requires",
              0.19418040737148395
            ],
            [
              "the",
              0.1741070298992114
            ],
            [
              "of",
              0.1161360154064578
            ]
          ]
        }
      },
      {
        "llm_weight": 0.5,
        "ngram_weight": 0.5,
        "predictions": {
          "The capital of": [
            [
              "japan",
              0.12416273877449764
            ],
            [
              "france",
              0.12416273877449764
            ],
            [
              "england",
              0.12416273877449764
            ]
          ],
          "Machine learning": [
            [
              "models",
              0.48545101842870997
            ],
            [
              "the",
              0.10918061822628936
            ],
            [
              "of",
              0.07294873416831836
            ]
          ],
          "Deep learning": [
            [
              "requires",
              0.48545101842870997
            ],
            [
              "the",
              0.10918061822628936
            ],
            [
              "of",
              0.07294873416831836
            ]
          ]
        }
      },
      {
        "llm_weight": 0.2,
        "ngram_weight": 0.8,
        "predictions": {
          "The capital of": [
            [
              "japan",
              0.19866038203919623
            ],
            [
              "france",
              0.19866038203919623
            ],
            [
              "england",
              0.19866038203919623
            ]
          ],
          "Machine learning": [
            [
              "models",
              0.776721629485936
            ],
            [
              "the",
              0.04425420655336735
            ],
            [
              "of",
              0.02976145293017895
            ]
          ],
          "Deep learning": [
            [
              "requires",
              0.776721629485936
            ],
            [
              "the",
              0.04425420655336735
            ],
            [
              "of",
              0.02976145293017895
            ]
          ]
        }
      },
      {
        "llm_weight": 0.05,
        "ngram_weight": 0.95,
        "predictions": {
          "The capital of": [
            [
              "japan",
              0.2359092036715455
            ],
            [
              "france",
              0.2359092036715455
            ],
            [
              "england",
              0.2359092036715455
            ]
          ],
          "Machine learning": [
            [
              "models",
              0.9223569350145489
            ],
            [
              "the",
              0.011791000716906338
            ],
            [
              "of",
              0.008167812311109237
            ]
          ],
          "Deep learning": [
            [
              "requires",
              0.9223569350145489
            ],
            [
              "the",
              0.011791000716906338
            ],
            [
              "of",
              0.008167812311109237
            ]
          ]
        }
      }
    ],
    "incremental_suffix": [
      {
        "description": "Partial: 'brown' -> Completion: 'fox'",
        "extensions": [
          "quick brown fox",
          "the quick brown fox"
        ]
      },
      {
        "description": "Partial: 'the' -> Completion: 'dog'",
        "extensions": [
          "lazy dog",
          "the lazy dog"
        ]
      },
      {
        "description": "Partial: 'brown' -> Completion: 'bear'",
        "extensions": [
          "slow brown bear",
          "the slow brown bear"
        ]
      }
    ],
    "specialized_models": [
      {
        "context": "einstein developed",
        "description": "Scientific context",
        "wiki_top": [
          [
            "the",
            0.9569789674952197
          ],
          [
            "time",
            0.0009560229445506692
          ]
        ],